,colony,street,street_number,postal_code,zone,directions,lat,lon
29,SANTA MARIA,SAN MATEO,1407,44350,Guadalajara,"SAN MATEO 1407, SANTA MARIA, Guadalajara",20.6879689,-103.3157451
126,ARANDAS,HACIENDA DEL CO,3363,44720,Guadalajara,"HACIENDA DEL CO 3363, ARANDAS, Guadalajara",20.69041905,-103.28173759
189,EJIDAL LOMA BONITA,PEDRO MORENO,3308,45085,Zapopan,"PEDRO MORENO 3308, EJIDAL LOMA BONITA, Zapopan",20.6317603,-103.4051996
158,LA FLORIDA,FLORAL,15,45234,Zapopan,"FLORAL 15, LA FLORIDA, Zapopan",20.5997014,-103.4273219
19,HERMOSA PROVIN ZO TE,ARQUIMIDES,630,44770,Guadalajara,"ARQUIMIDES 630, HERMOSA PROVIN ZO TE, Guadalajara",20.6711219,-103.2859288
51,LOMAS DEL PRADERO,AV PRESIDENTE,2235,44840,Guadalajara,"AV PRESIDENTE 2235, LOMAS DEL PRADERO, Guadalajara",20.648519,-103.3130901
115,SAN CARLOS,LOS ANGELES,171,44460,Guadalajara,"LOS ANGELES 171, SAN CARLOS, Guadalajara",20.662959,-103.344124
131,FEDERALISMO,MONTE HIMALAYA,1416,44350,Guadalajara,"MONTE HIMALAYA 1416, FEDERALISMO, Guadalajara",20.691592,-103.317129
15,OBLATOS PONIENTE,HACIENDA DE LAS,2299,44700,Guadalajara,"HACIENDA DE LAS 2299, OBLATOS PONIENTE, Guadalajara",20.6942949,-103.2973538
70,SAN MARCOS,CANTERA,819,44330,Guadalajara,"CANTERA 819, SAN MARCOS, Guadalajara",20.696713,-103.315329
102,ECHEVERRIA,JOSE ROJO,958,44970,Guadalajara,"JOSE ROJO 958, ECHEVERRIA, Guadalajara",20.62216715,-103.36095184
215,VALLE DE LOS MOLINOS,BERNA,75,45200,Zapopan,"BERNA 75, VALLE DE LOS MOLINOS, Zapopan",20.8547918,-103.42304733
25,HELIODORO HERNANDEZ,CELIA PACHECO,3713,44720,Guadalajara,"CELIA PACHECO 3713, HELIODORO HERNANDEZ, Guadalajara",20.696344,-103.2789
230,COLINAS DEL REY,AV TORREMOLINOS,3500,45130,Zapopan,"AV TORREMOLINOS 3500, COLINAS DEL REY, Zapopan",20.752913,-103.40735
181,CONDOMINIO MALAGA,AV CENTRAL,1351,45117,Zapopan,"AV CENTRAL 1351, CONDOMINIO MALAGA, Zapopan",20.6937778,-103.4324128
157,RESIDENCIAL GUADALUP,MISION SAN PATR,350,45030,Zapopan,"MISION SAN PATR 350, RESIDENCIAL GUADALUP, Zapopan",20.6538728,-103.4331985
279,LOMAS DL VALLE VI UN,CANCER,3992,45129,Zapopan,"CANCER 3992, LOMAS DL VALLE VI UN, Zapopan",20.6850586,-103.4084621
99,TRANSITO,AV CIRCUNVALANC,479,44298,Guadalajara,"AV CIRCUNVALANC 479, TRANSITO, Guadalajara",20.7038709,-103.3370089
188,FRACC CUSPIDE,SAN MATEO 1155,27,45200,Zapopan,"SAN MATEO 1155 27, FRACC CUSPIDE, Zapopan",20.7963827,-103.4688727
14,LADRON DE GUEVARA,AVENIDA MEXICO,2582,44600,Guadalajara,"AVENIDA MEXICO 2582, LADRON DE GUEVARA, Guadalajara",20.679539,-103.3821471
3,JARDINES DE LOS POET,JOSE FERNANDEZ,3365,44820,Guadalajara,"JOSE FERNANDEZ 3365, JARDINES DE LOS POET, Guadalajara",20.6484961,-103.29001645
47,GUADALUPANA,CELEDONIO PADIL,2162,44220,Guadalajara,"CELEDONIO PADIL 2162, GUADALUPANA, Guadalajara",20.7099819,-103.355384
103,U H EL SAUZ INF,JAIME TORRES B,3090,44987,Guadalajara,"JAIME TORRES B 3090, U H EL SAUZ INF, Guadalajara",20.623719,-103.3945749
130,LADRON DE GUEVARA,AVENIDA AMERICA,620,44600,Guadalajara,"AVENIDA AMERICA 620, LADRON DE GUEVARA, Guadalajara",20.6874428,-103.3731335
156,RESIDENCIAL TESISTAN,PARQUE MEXICANO,150,45200,Zapopan,"PARQUE MEXICANO 150, RESIDENCIAL TESISTAN, Zapopan",20.665307,-103.40409989
132,EL CARMEN,FRANCISCO MARCO,2616,44980,Guadalajara,"FRANCISCO MARCO 2616, EL CARMEN, Guadalajara",20.6231889,-103.3850919
239,LA PALMITA,MANUEL GONZALEZ,518,45180,Zapopan,"MANUEL GONZALEZ 518, LA PALMITA, Zapopan",20.7300639,-103.358865
278,LOMAS DEL REFUGIO,AGUA PRIETA,111,45186,Zapopan,"AGUA PRIETA 111, LOMAS DEL REFUGIO, Zapopan",20.74929471,-103.34874768
137,LOMAS DE RIO VERDE,DEMOSTENES,3550,44720,Guadalajara,"DEMOSTENES 3550, LOMAS DE RIO VERDE, Guadalajara",20.68517129,-103.28554658
187,UNIDAD MEXICO,CDA QUERETARO,278,45120,Zapopan,"CDA QUERETARO 278, UNIDAD MEXICO, Zapopan",20.6804779,-103.4039896
22,GARIBAY,DAMASCO,785,44750,Guadalajara,"DAMASCO 785, GARIBAY, Guadalajara",20.6735769,-103.2949879
275,JARDINES D NVO MEXIC,SEGUNDA NORTE,5699,45138,Zapopan,"SEGUNDA NORTE 5699, JARDINES D NVO MEXIC, Zapopan",20.7695635,-103.4477057
77,DIVISION DEL NORTE,TERUEL,3693,44230,Guadalajara,"TERUEL 3693, DIVISION DEL NORTE, Guadalajara",20.721705,-103.3379679
213,AGRICOLA,DALIA,138,45236,Zapopan,"DALIA 138, AGRICOLA, Zapopan",20.6165614,-103.4310802
79,JARDINES DE STA ISAB,STA MARTHA,3165,44300,Guadalajara,"STA MARTHA 3165, JARDINES DE STA ISAB, Guadalajara",20.714658,-103.313579
175,RINCONADA DL AUDITOR,ALBERTO CINTA,39,45180,Zapopan,"ALBERTO CINTA 39, RINCONADA DL AUDITOR, Zapopan",20.7367901,-103.3424097
169,VILLAS SAN IGNACIO,PRIV LUIS G MON,337,45180,Zapopan,"PRIV LUIS G MON 337, VILLAS SAN IGNACIO, Zapopan",20.73366544,-103.35291841
76,LOMAS DL PARAISO 1,RAFAEL CARDENAS,290,44250,Guadalajara,"RAFAEL CARDENAS 290, LOMAS DL PARAISO 1, Guadalajara",20.724967,-103.320318
84,TETLAN,JOSE RAMOS,4342,44820,Guadalajara,"JOSE RAMOS 4342, TETLAN, Guadalajara",20.6609958,-103.2714154
154,LA MOJONERA,DE BARAJAS,425,45134,Zapopan,"DE BARAJAS 425, LA MOJONERA, Zapopan",20.78831785,-103.45075595
202,"FRACC, LOS MOLINOS",PLATA,70,45200,Zapopan,"PLATA 70, FRACC, LOS MOLINOS, Zapopan",20.84836438,-103.42263338
114,TETLAN,AURELIA GUEVARA,3518,44820,Guadalajara,"AURELIA GUEVARA 3518, TETLAN, Guadalajara",20.6555499,-103.2887908
269,REVOLUCION SEGUNDA SECCION,REVOLUCION,51,45200,Zapopan,"REVOLUCION 51, REVOLUCION SEGUNDA SECCION, Zapopan",20.85476958,-103.42562918
212,PRADOS TEPEYAC,PRADO DE LAS GA,4468,45050,Zapopan,"PRADO DE LAS GA 4468, PRADOS TEPEYAC, Zapopan",20.654827,-103.413214
65,1RO DE MAYO 1A SECCI,CARLOS A CARRIL,527,44970,Guadalajara,"CARLOS A CARRIL 527, 1RO DE MAYO 1A SECCI, Guadalajara",20.6230026,-103.3552397
244,SANTA ANA TEPETITLAN,HIDALGO,35,45230,Zapopan,"HIDALGO 35, SANTA ANA TEPETITLAN, Zapopan",20.6208991,-103.456008
162,FRACC PALERMO,MARINA,204,45200,Zapopan,"MARINA 204, FRACC PALERMO, Zapopan",20.81616775,-103.460718
260,EL ARENAL,CUAUHTEMOC,132,45350,Zapopan,"CUAUHTEMOC 132, EL ARENAL, Zapopan",20.7250865,-103.3945404
13,SAN ANDRES,GOMEZ FARIAS,2319,44810,Guadalajara,"GOMEZ FARIAS 2319, SAN ANDRES, Guadalajara",20.66197709,-103.30791285
229,VILLA FONTANA DIAMANTE,FUENTE GRAFITO,8884,45200,Zapopan,"FUENTE GRAFITO 8884, VILLA FONTANA DIAMANTE, Zapopan",20.7795959,-103.4746901
235,FRACC LOS PINOS,AV  COMPOSITORE,3850,45120,Zapopan,"AV  COMPOSITORE 3850, FRACC LOS PINOS, Zapopan",20.6046765,-103.4348944
185,LA FLORESTA DEL COLLI,BOULEVARD PUERT,5430,45116,Zapopan,"BOULEVARD PUERT 5430, LA FLORESTA DEL COLLI, Zapopan",20.7111733,-103.4155545
268,TABACHINES,PASEO DE LOS AV,3101,45188,Zapopan,"PASEO DE LOS AV 3101, TABACHINES, Zapopan",20.74189052,-103.36275942
135,TALPITA,SANTO TOMAS,1786,44719,Guadalajara,"SANTO TOMAS 1786, TALPITA, Guadalajara",20.68355178,-103.31008927
104,AYUNTAMIENTO,BERNARDO DE BAL,1170,44620,Guadalajara,"BERNARDO DE BAL 1170, AYUNTAMIENTO, Guadalajara",20.695428,-103.369627
246,HDA SAN ISIDRO,EJIDO,570,45147,Zapopan,"EJIDO 570, HDA SAN ISIDRO, Zapopan",20.7334016,-103.3978425
0,U H FOVISSSTE ESTADI,LISBOA,28,44307,Guadalajara,"LISBOA 28, U H FOVISSSTE ESTADI, Guadalajara",20.7108869,-103.3308462
109,VALLARTA SAN JORGE,TUCIDIDES,156,44690,Guadalajara,"TUCIDIDES 156, VALLARTA SAN JORGE, Guadalajara",20.678198,-103.3960161
146,LA ESPERANZA,IGUALDAD,186,44300,Guadalajara,"IGUALDAD 186, LA ESPERANZA, Guadalajara",20.7098839,-103.319677
72,LADRON DE GUEVARA,FRAY LUIS DE PA,443,44600,Guadalajara,"FRAY LUIS DE PA 443, LADRON DE GUEVARA, Guadalajara",20.6842089,-103.379311
64,PARQUE INDUST EL ALA,FUNDICION,2131,44490,Guadalajara,"FUNDICION 2131, PARQUE INDUST EL ALA, Guadalajara",20.6266889,-103.3338499
61,LA AURORA,SALVADOR LOPEZ,1750,44790,Guadalajara,"SALVADOR LOPEZ 1750, LA AURORA, Guadalajara",20.6494585,-103.3388108
179,INDIGENA D MEZQUITAN,18 DE MARZO,409,45190,Zapopan,"18 DE MARZO 409, INDIGENA D MEZQUITAN, Zapopan",20.738673,-103.331924
113,JARDINES DEL COUNTRY,ENRIQUE DIAZ DE,2336,44210,Guadalajara,"ENRIQUE DIAZ DE 2336, JARDINES DEL COUNTRY, Guadalajara",20.712932,-103.360833
88,DIVISION DEL NORTE,SILVINA REMBOA,3050,44230,Guadalajara,"SILVINA REMBOA 3050, DIVISION DEL NORTE, Guadalajara",20.7241509,-103.3374218
159,BENITO JUAREZ,ADOLFO LOPEZ MA,4754,45199,Zapopan,"ADOLFO LOPEZ MA 4754, BENITO JUAREZ, Zapopan",20.79533048,-103.5005241
40,ARANDAS,HACIENDA LA ERR,1877,44720,Guadalajara,"HACIENDA LA ERR 1877, ARANDAS, Guadalajara",20.68584251,-103.2726593
63,MIRAVALLE,JOSE JARAMILLO,526,44990,Guadalajara,"JOSE JARAMILLO 526, MIRAVALLE, Guadalajara",20.6156665,-103.3528171
232,LAS AGUILAS,RIO TOMATLAN,800,45080,Zapopan,"RIO TOMATLAN 800, LAS AGUILAS, Zapopan",20.625904,-103.407993
234,PASEOS DEL SOL,TOMAS BALCAZAR,5404,45079,Zapopan,"TOMAS BALCAZAR 5404, PASEOS DEL SOL, Zapopan",20.637128,-103.427021
46,MIRAVALLE II,PEDRO PATINO,643,44990,Guadalajara,"PEDRO PATINO 643, MIRAVALLE II, Guadalajara",20.6069021,-103.3496879
258,ARENALES TAPATIOS,DIAMANTE,114,45066,Zapopan,"DIAMANTE 114, ARENALES TAPATIOS, Zapopan",20.6339582,-103.4563939
82,MEZQUITAN COUNTRY,DIAGONAL NAJERA,1876,44260,Guadalajara,"DIAGONAL NAJERA 1876, MEZQUITAN COUNTRY, Guadalajara",20.69196018,-103.3647616
241,PRADOS TEPEYAC,PRADO DE LAS RO,308,45050,Zapopan,"PRADO DE LAS RO 308, PRADOS TEPEYAC, Zapopan",20.65714869,-103.41220962
124,HIGUERILLAS,MARIANO RODRIGU,2669,44470,Guadalajara,"MARIANO RODRIGU 2669, HIGUERILLAS, Guadalajara",20.632835,-103.349006
127,HELIODORO HERNANDEZ,MIGUEL SANCHEZ,3789,44720,Guadalajara,"MIGUEL SANCHEZ 3789, HELIODORO HERNANDEZ, Guadalajara",20.6948729,-103.278313
216,FRACC HACIENDA LAS PALOMAS,CALLE DEL AGUA,365,45200,Zapopan,"CALLE DEL AGUA 365, FRACC HACIENDA LAS PALOMAS, Zapopan",20.7285236,-103.3937157
225,MESA COLORADA PTE,NABO,543,45189,Zapopan,"NABO 543, MESA COLORADA PTE, Zapopan",20.763,-103.34626
78,RINCONADA DE HUENTITAN,JOSE MARIA CANA,5128,44250,Guadalajara,"JOSE MARIA CANA 5128, RINCONADA DE HUENTITAN, Guadalajara",20.731589,-103.324636
206,FRACC CUSPIDE,SENDA DEL OCOTE,22,45200,Zapopan,"SENDA DEL OCOTE 22, FRACC CUSPIDE, Zapopan",20.85434258,-103.44456721
219,LOS ROBLES,CALLE LOS ROBLE,395,45134,Zapopan,"CALLE LOS ROBLE 395, LOS ROBLES, Zapopan",20.76709012,-103.43385955
237,VICENTE GUERRERO,C CEDROS,15,45134,Zapopan,"C CEDROS 15, VICENTE GUERRERO, Zapopan",20.741835,-103.3386413
155,VILLA FONTANA DIAMANTE,FUENTE BRILLANT,1730,45200,Zapopan,"FUENTE BRILLANT 1730, VILLA FONTANA DIAMANTE, Zapopan",20.7737514,-103.4720222
26,OBLATOS,AV JUAN PABLO L,3165,44700,Guadalajara,"AV JUAN PABLO L 3165, OBLATOS, Guadalajara",20.6982095,-103.295162
125,BARRANQUITAS,PINO SUAREZ,879,44270,Guadalajara,"PINO SUAREZ 879, BARRANQUITAS, Guadalajara",20.6901934,-103.346581
68,CIRCUNVAL VALLARTA,REFORMA,2749,44680,Guadalajara,"REFORMA 2749, CIRCUNVAL VALLARTA, Guadalajara",20.6804909,-103.3859638
121,5 DE MAYO,RAMON MARQUEZ,362,44970,Guadalajara,"RAMON MARQUEZ 362, 5 DE MAYO, Guadalajara",20.6248619,-103.3530199
111,OBLATOS PONIENTE,HACIENDA LA PUR,2415,44700,Guadalajara,"HACIENDA LA PUR 2415, OBLATOS PONIENTE, Guadalajara",20.701229,-103.2951931
48,RANCHO NUEVO,DOMINGO RAMIRE,1150,44240,Guadalajara,"DOMINGO RAMIRE 1150, RANCHO NUEVO, Guadalajara",20.7208786,-103.3313266
87,COUNTRY CLUB,AV JORGE ALVARE,1535,44610,Guadalajara,"AV JORGE ALVARE 1535, COUNTRY CLUB, Guadalajara",20.7037391,-103.3652489
228,VILLA FONTANA DIAMANTE,AV JADE,86,45200,Zapopan,"AV JADE 86, VILLA FONTANA DIAMANTE, Zapopan",20.80761483,-103.48160873
243,REAL DE VALDEPE?S,RINCONADA DEL C,1327,45130,Zapopan,"RINCONADA DEL C 1327, REAL DE VALDEPE?S, Zapopan",20.75622519,-103.40385961
184,LA HACIENDITA,SAN MARTIN,2341,45230,Zapopan,"SAN MARTIN 2341, LA HACIENDITA, Zapopan",20.6139723,-103.4511535
172,JARDINES DEL VERGEL,JARDIN DE NARDO,1527,45180,Zapopan,"JARDIN DE NARDO 1527, JARDINES DEL VERGEL, Zapopan",20.7437494,-103.3705966
142,18 DE MARZO,NATIVIDAD MACIA,1326,44960,Guadalajara,"NATIVIDAD MACIA 1326, 18 DE MARZO, Guadalajara",20.6332169,-103.3695316
220,INF LA TUZANIA,AND OYAMELES,1124,45138,Zapopan,"AND OYAMELES 1124, INF LA TUZANIA, Zapopan",20.7370922,-103.4154143
73,LA LOMA,LUIS PAEZ BROTC,1574,44410,Guadalajara,"LUIS PAEZ BROTC 1574, LA LOMA, Guadalajara",20.6603006,-103.3213277
177,VILLA DE GUADALUPE II,PABLO HIPOLITO,45,45189,Zapopan,"PABLO HIPOLITO 45, VILLA DE GUADALUPE II, Zapopan",20.754981,-103.33859306
144,U H EL ZALATE,JOSE FERNANDEZ,1123,44760,Guadalajara,"JOSE FERNANDEZ 1123, U H EL ZALATE, Guadalajara",20.6790637,-103.2732273
18,AMERICANA,MEXICALLTZINGO,1944,44160,Guadalajara,"MEXICALLTZINGO 1944, AMERICANA, Guadalajara",20.668444,-103.3673828
205,"FRACC, LOS MOLINOS",CTO OBSIDIANA,39,45200,Zapopan,"CTO OBSIDIANA 39, FRACC, LOS MOLINOS, Zapopan",20.798731,-103.4770319
261,COLLY SITIO,ROMANA,6570,45036,Zapopan,"ROMANA 6570, COLLY SITIO, Zapopan",20.65393358,-103.4396834
136,MIRAVALLE,MAURICIO CAMPOS,512,44990,Guadalajara,"MAURICIO CAMPOS 512, MIRAVALLE, Guadalajara",20.6094738,-103.3478201
108,VILLA VICENTE GUERRE,ISLA USTICA,3318,44860,Guadalajara,"ISLA USTICA 3318, VILLA VICENTE GUERRE, Guadalajara",20.632482,-103.395812
11,BARRIO ANALCO,ABASOLO,147,44450,Guadalajara,"ABASOLO 147, BARRIO ANALCO, Guadalajara",20.6696438,-103.3353768
152,LOMAS DE MIRAMAR,PUERTO CHAMELA,314,45060,Zapopan,"PUERTO CHAMELA 314, LOMAS DE MIRAMAR, Zapopan",20.63579117,-103.44676658
221,HDA SAN ISIDRO,LA VILLA,455,45147,Zapopan,"LA VILLA 455, HDA SAN ISIDRO, Zapopan",20.7289036,-103.3982935
263,INF LA TUZANIA,CAPULINES,40,45138,Zapopan,"CAPULINES 40, INF LA TUZANIA, Zapopan",20.731825,-103.418699
277,DIVISION DL NTE ZAP,FRANCISCO VILLA,27,45180,Zapopan,"FRANCISCO VILLA 27, DIVISION DL NTE ZAP, Zapopan",20.73240707,-103.35364459
222,LA ESTRADA,HIDALAGO,6,45200,Zapopan,"HIDALAGO 6, LA ESTRADA, Zapopan",20.79264101,-103.47565388
54,VILLAS DE GADALUPE,AV PATRIA,4177,44720,Guadalajara,"AV PATRIA 4177, VILLAS DE GADALUPE, Guadalajara",20.6849943,-103.2719253
91,HUENTITAN EL BAJO,VOLCAN FUJIYAMA,4413,44250,Guadalajara,"VOLCAN FUJIYAMA 4413, HUENTITAN EL BAJO, Guadalajara",20.738969,-103.3189689
197,SAN ISIDRO EJIDAL,NUEVO MEXICO,250,45147,Zapopan,"NUEVO MEXICO 250, SAN ISIDRO EJIDAL, Zapopan",20.726598,-103.398205
174,UNIDAD JARDINES SEAT,JARDINES DE LOS,1233,45180,Zapopan,"JARDINES DE LOS 1233, UNIDAD JARDINES SEAT, Zapopan",20.7511529,-103.36893085
31,OBLATOS PONIENTE,JUAN PABLO II,3165,44700,Guadalajara,"JUAN PABLO II 3165, OBLATOS PONIENTE, Guadalajara",20.70162171,-103.28662543
272,12 DE DICIEMBRE,TRUENO,260,45068,Zapopan,"TRUENO 260, 12 DE DICIEMBRE, Zapopan",20.6491888,-103.457067
200,EL HUMEDO,RIO ACAPONETA,2,45200,Zapopan,"RIO ACAPONETA 2, EL HUMEDO, Zapopan",20.795757,-103.493083
139,JARDINES DE LA CRUZ,REYES CATOLICOS,2151,44950,Guadalajara,"REYES CATOLICOS 2151, JARDINES DE LA CRUZ, Guadalajara",20.64629179,-103.37634047
101,JARDINES DEL NILO,MANUEL RIVERA C,2818,44860,Guadalajara,"MANUEL RIVERA C 2818, JARDINES DEL NILO, Guadalajara",20.6459499,-103.3015471
248,LOMAS DE MIRAMAR,PUERTO TAMPICO,80,45060,Zapopan,"PUERTO TAMPICO 80, LOMAS DE MIRAMAR, Zapopan",20.640018,-103.448292
161,PRADOS  GUADALUPE,G ROSSINI,428,45030,Zapopan,"G ROSSINI 428, PRADOS  GUADALUPE, Zapopan",20.6686337,-103.4349976
5,BATALLON SN PATRICIO,CALZADA INDEPEN,503,44300,Guadalajara,"CALZADA INDEPEN 503, BATALLON SN PATRICIO, Guadalajara",20.7137381,-103.32089456
211,EL COLLY URBANO I,MELCHOR OCAMPO,1233,45070,Zapopan,"MELCHOR OCAMPO 1233, EL COLLY URBANO I, Zapopan",20.6449026,-103.4405377
210,FRACC MIRADOR D SN I,AV INDUSTRIA TE,2030,45133,Zapopan,"AV INDUSTRIA TE 2030, FRACC MIRADOR D SN I, Zapopan",20.7582237,-103.3867842
100,SAN ANDRES,CALLE B,165,44810,Guadalajara,"CALLE B 165, SAN ANDRES, Guadalajara",20.68627928,-103.26576928
69,JARDINES DE LA PAZ,TEJEDORES,569,44860,Guadalajara,"TEJEDORES 569, JARDINES DE LA PAZ, Guadalajara",20.647502,-103.3072318
238,LOMAS DEL CENTINELA,PASEO DEL OLMO,328,45187,Zapopan,"PASEO DEL OLMO 328, LOMAS DEL CENTINELA, Zapopan",20.75542914,-103.37931546
53,LA AURORA,JARDINES DE BAB,20,44790,Guadalajara,"JARDINES DE BAB 20, LA AURORA, Guadalajara",20.66066767,-103.28141363
56,UNIDAD BELISARIO DOM,JOSE LUIS MORA,1212,44329,Guadalajara,"JOSE LUIS MORA 1212, UNIDAD BELISARIO DOM, Guadalajara",20.6848539,-103.321828
283,EL CENTINELA 2,HIDALGO,310,45187,Zapopan,"HIDALGO 310, EL CENTINELA 2, Zapopan",20.758003,-103.380373
112,MORELOS,CISNE,1332,44910,Guadalajara,"CISNE 1332, MORELOS, Guadalajara",20.6543829,-103.359092
165,CANTEROS,PRIVADA CANTERO,1564,45190,Zapopan,"PRIVADA CANTERO 1564, CANTEROS, Zapopan",20.727049,-103.338664
267,MIGUEL HIDALGO,15 DE SEPTIEMBR,3017,45186,Zapopan,"15 DE SEPTIEMBR 3017, MIGUEL HIDALGO, Zapopan",20.748896,-103.340873
178,CONJ LOMAS ALTAS,PASEO DEL ARCO,4098,45128,Zapopan,"PASEO DEL ARCO 4098, CONJ LOMAS ALTAS, Zapopan",20.6859952,-103.4110242
1,INDEPENDENCIA,ROGELIO BACON,2280,44290,Guadalajara,"ROGELIO BACON 2280, INDEPENDENCIA, Guadalajara",20.7036221,-103.3334825
226,ARENALES TAPATIOS,CROMITA,69,45066,Zapopan,"CROMITA 69, ARENALES TAPATIOS, Zapopan",20.633538,-103.4592391
71,ELECTRICISTAS,RAMOS ARIZPE,451,44810,Guadalajara,"RAMOS ARIZPE 451, ELECTRICISTAS, Guadalajara",20.653829,-103.3106468
16,LOMAS DEL PARADERO,LUIS QUINTANAR,746,44840,Guadalajara,"LUIS QUINTANAR 746, LOMAS DEL PARADERO, Guadalajara",20.650031,-103.3199848
7,MODERNA,AV ESPANA,1092,44190,Guadalajara,"AV ESPANA 1092, MODERNA, Guadalajara",20.659424,-103.3531261
253,NUEVO MEXICO,6 DE ENERO,3239,45138,Zapopan,"6 DE ENERO 3239, NUEVO MEXICO, Zapopan",20.75714709,-103.43247582
147,LOMAS DE MIRAMAR,URANIO,31,45060,Zapopan,"URANIO 31, LOMAS DE MIRAMAR, Zapopan",20.64202975,-103.46426675
224,COPALITA,AV AMARANTO,175,45200,Zapopan,"AV AMARANTO 175, COPALITA, Zapopan",20.80905867,-103.45311198
122,U. H. BENITO JUAREZ II,CREDITO,4049,44770,Guadalajara,"CREDITO 4049, U. H. BENITO JUAREZ II, Guadalajara",20.6661078,-103.2755658
240,FRACC CUSPIDE,CAMINO AL POTRE,1200,45200,Zapopan,"CAMINO AL POTRE 1200, FRACC CUSPIDE, Zapopan",20.802884,-103.4970855
2,BOSQUES D LA CANTERA,PRIV OPALO,17,44306,Guadalajara,"PRIV OPALO 17, BOSQUES D LA CANTERA, Guadalajara",20.7155989,-103.3157318
262,LINDAVISTA,ALLENDE,216,45169,Zapopan,"ALLENDE 216, LINDAVISTA, Zapopan",20.721194,-103.3988204
265,SANTA FE,EMILIANO ZAPATA,574,45168,Zapopan,"EMILIANO ZAPATA 574, SANTA FE, Zapopan",20.7145673,-103.3915946
281,VILLA FONTANA DIAMANTE,AV LAS TORRES,1896,45200,Zapopan,"AV LAS TORRES 1896, VILLA FONTANA DIAMANTE, Zapopan",20.78039085,-103.4803915
153,MIRAMAR,BAHIA MAGDALENA,5,45060,Zapopan,"BAHIA MAGDALENA 5, MIRAMAR, Zapopan",20.6407449,-103.4490608
62,SAN VICENTE,MONTES MARCIANO,2173,44330,Guadalajara,"MONTES MARCIANO 2173, SAN VICENTE, Guadalajara",20.70378,-103.3159849
